X,Y
-3.0,7.8
-2.9,7.1
-2.8,6.9
-2.7,6.3
-2.6,5.8
-2.5,5.6
-2.4,5.2
-2.3,4.8
-2.2,4.5
-2.1,4.3
-2.0,4.1
-1.9,3.8
-1.8,3.6
-1.7,3.4
-1.6,3.2
-1.5,2.9
-1.4,2.7
-1.3,2.5
-1.2,2.3
-1.1,2.2
-1.0,2.0
-0.9,1.9
-0.8,1.8
-0.7,1.7
-0.6,1.6
-0.5,1.5
-0.4,1.4
-0.3,1.5
-0.2,1.4
-0.1,1.3
0.0,1.2
0.1,1.3
0.2,1.4
0.3,1.5
0.4,1.6
0.5,1.8
0.6,1.9
0.7,2.1
0.8,2.2
0.9,2.4
1.0,2.6
1.1,2.8
1.2,3.0
1.3,3.2
1.4,3.5
1.5,3.8
1.6,4.1
1.7,4.4
1.8,4.8
1.9,5.2
2.0,5.6
2.1,6.0
2.2,6.5
2.3,7.0
2.4,7.5
2.5,8.0
2.6,8.6
2.7,9.2
2.8,10.0
2.9,10.8
3.0,11.7